probe_id,msg_id,send_ts_ns,receipt_ts_ns,receipt_type
1,3EB0AF73FE8596FFB98D80,1764863359321129000,1764863369246052400,sender
2,3EB0647BDD77946035C9D0,1764863363035218800,1764863369247139500,sender
3,3EB006205CFFCD0EAEAC80,1764863366802967800,1764863369248466100,sender
4,3EB013665C4BD45B6EB846,1764863370554507100,1764863371799870900,sender
5,3EB0FC0AF12BA3232A43B6,1764863374345972700,1764863375676875500,sender
6,3EB0A54625A2BD3416451F,1764863378150941000,1764863380116287900,sender
7,3EB0B141A90D2FFD22F1CA,1764863382667811400,1764863384240765100,sender
1,3EB01E2315AA5589035BFF,1764863923643606600,1764863925512201600,inactive
1,3EB0B04BE50BBEE6644BA2,1764863924966624500,1764863926104421100,inactive
2,3EB0372E4E34C61FF55376,1764863928825250000,1764863930052937600,inactive
2,3EB05C93B6A1F6AD14E809,1764863930336680400,1764863931307731900,inactive
3,3EB07E785D52779157B6F9,1764863934185180100,1764863935664602000,sender
3,3EB05ADF45487594F231AE,1764863935686119800,1764863936693321800,inactive
4,3EB0164418537D947AA063,1764863939472151000,1764863940729541900,inactive
4,3EB07F8FB2F1DCE2525803,1764863941005652900,1764863941868332400,inactive
5,3EB097D9BA28EF277E192C,1764863944686357900,1764863946227939600,sender
5,3EB01D274F1BDFBA7BFDE7,1764863946301449300,1764863947649897900,inactive
6,3EB0C2CFC46C0B81A973FC,1764863950207568200,1764863951470614600,inactive
6,3EB0F7FB93A4A1F324B109,1764863951706665300,1764863952621390200,inactive
7,3EB0BAB66432C4AB4114CD,1764863955465307900,1764863956946220800,sender
7,3EB05D734C7CC1A57578F0,1764863957011104900,1764863957901686600,inactive
8,3EB05D230B80793FFE879A,1764863960677479700,1764863961761448200,inactive
8,3EB077C490A7B2160BF887,1764863962047389600,1764863962941783900,inactive
9,3EB003ED9E3C37618E7D99,1764863965698955400,1764863967026719300,sender
9,3EB0D5562BAD9F9F7F2483,1764863967077418400,1764863968507200600,sender
10,3EB039DC2872D5C54A16B3,1764863970984988400,1764863972126364200,inactive
10,3EB05FB83AA1C613FD1E9B,1764863972402194800,1764863973551123800,sender
11,3EB0B646EAF7C56B9966BD,1764863976061532200,1764863977113391500,inactive
11,3EB0790630940C77FB3B36,1764863977354366300,1764863978564943200,sender
12,3EB0F3BD24AF847F7BE26C,1764863981089308100,1764863982413591900,sender
12,3EB01C5C3D8011D0FE7257,1764863982405843600,1764863983823596300,sender
13,3EB01E68BCE07A02568767,1764863986369372000,1764863987663738000,sender
13,3EB00ABC371FACDA3FC339,1764863987572378700,1764863988783466300,sender
14,3EB0309FE1CF533ED3753C,1764863991309304800,1764863992660481900,sender
14,3EB0350C997781A414B403,1764863992646764900,1764863994082924800,sender
15,3EB0FBC8C0F97A7EBBFC28,1764863996585889500,1764863997905160000,sender
15,3EB08077865B924946CEEE,1764863997891108800,1764863999162875500,sender
16,3EB0ACB97D69DA2D33A8B7,1764864001714078400,1764864002949143900,sender
16,3EB081BFEFDB0EA33C4D7A,1764864003046708100,1764864004266322600,sender
17,3EB0E3BC4C2BD22D66D66D,1764864006816818500,1764864008163141100,sender
17,3EB0E74A40F074354B4348,1764864008165223300,1764864009438554900,sender
18,3EB04EB2375D7C4241DBCA,1764864011945303300,1764864014089113600,sender
18,3EB0D390D845F81533AF00,1764864014086269300,1764864015439052800,sender
19,3EB09C1D00258BA22CB625,1764864018025081000,1764864019301214300,sender
19,3EB01E8301E476E51C0B06,1764864019240771900,1764864020465305300,sender
20,3EB0ACDB85ED231F739F35,1764864022896481800,1764864024304258100,sender
20,3EB026A2F93ED8B98B74BB,1764864024339564900,1764864025714173500,sender
21,3EB0819596DDB8498FE621,1764864028265231400,1764864029613834000,sender
21,3EB0DA809B313E36C16E19,1764864029590031900,1764864030964515400,sender
22,3EB0C385795C77CC7CA15E,1764864033515182500,1764864034714032200,sender
22,3EB02639EFBF075C61B798,1764864034725528200,1764864035988747000,sender
23,3EB01FF1E628A337C74A71,1764864038539464800,1764864039824011000,sender
23,3EB00B5F80F88681D27674,1764864039865353000,1764864041265583300,sender
24,3EB02DC3E826155F1CB232,1764864043751545400,1764864045144810400,sender
24,3EB0C1D4FA17343FD3E068,1764864045127050400,1764864046338970600,sender
25,3EB0D738A367D5B3DF2461,1764864048815164000,1764864050109351300,sender
25,3EB0E5D766AE36CD0D3A5F,1764864050162454900,1764864051664632500,sender
26,3EB004267991DB581F0101,1764864054140472100,1764864055502383200,sender
26,3EB08E8F1E2463D95FBCBC,1764864055547487200,1764864056943358900,sender
27,3EB0DAC06C8221E08A9A23,1764864059425699000,1764864060814696700,sender
27,3EB03F2CB27981A5FBAC20,1764864060803635100,1764864062163826500,sender
28,3EB0921CDB8A8EBDFD67ED,1764864064714556200,1764864066138803700,sender
28,3EB02EFC3103F8A1AD1CDA,1764864066043096000,1764864067285016800,sender
29,3EB0191CCE83D787C42D45,1764864069835656600,1764864071166382200,sender
29,3EB0F4F31A125CDED47ABC,1764864071179641600,1764864072394160900,sender
30,3EB03C1A0C3F03828D1741,1764864074953794700,1764864076283883900,sender
30,3EB0E2B540C1A67182FFBD,1764864076321422200,1764864077857706500,sender
31,3EB0CAB88E40538F39C61C,1764864080318552000,1764864082048316400,sender
31,3EB02A4001F1F0D4256BE2,1764864081865222600,1764864083800630800,sender
32,3EB0D5D1093E229AE3FE70,1764864086252988300,1764864087467109000,inactive
32,3EB0F8D06B76041072FBE1,1764864087599858300,1764864088724286400,inactive
33,3EB0C9F446334629DE2F6F,1764864091489337500,1764864092582711000,inactive
33,3EB0B68BA6FBCBA65AA293,1764864092856251800,1764864094685467200,inactive
34,3EB053607BF686B830D1AE,1764864096757125300,1764864097799127500,inactive
34,3EB0925397A1B92DECD5F8,1764864098181579900,1764864099138847300,inactive
35,3EB0BE93B34B830BA7DA67,1764864101871411100,1764864102914363600,inactive
35,3EB0FDBA61C75F244AA2F8,1764864103164235800,1764864104632031300,inactive
36,3EB0B6FE5AA21A37B58F3F,1764864107408153500,1764864109591920300,inactive
36,3EB0D721BC180E10E45117,1764864109015142500,1764864110651702100,inactive
37,3EB05E8815A6E597ED2798,1764864112740948300,1764864114139796900,inactive
37,3EB0BDD926FB0A9D06E1C8,1764864114291186900,1764864115339263900,inactive
38,3EB014037238206CD97A3A,1764864118040719300,1764864119709951200,inactive
38,3EB0016319166915F2903B,1764864119606772700,1764864120839203600,inactive
39,3EB05883E49CEA7E0A5CD0,1764864123467197600,1764864125167172300,inactive
39,3EB0036E00BEF62E563487,1764864125422541500,1764864127564265200,inactive
40,3EB04CEF30854A7EFB446C,1764864130264028600,1764864136369422700,inactive
40,3EB0C2A17D4F34A760126A,1764864136466668600,1764864138644777600,inactive
41,3EB06D464B1E1504F9B247,1764864141344325200,1764864142693987100,inactive
41,3EB0ADE2C33D9450E49D28,1764864142897338300,1764864144041371500,inactive
42,3EB00C2A3151DC78E3DFAD,1764864146726755500,1764864148093723100,inactive
42,3EB0F048B09CC578923DEB,1764864148304442900,1764864149308528900,inactive
43,3EB06D3382D3923F37562A,1764864152007985100,1764864154153505500,inactive
43,3EB0BAF3798F0D602F2AF1,1764864154364742500,1764864155306662800,inactive
44,3EB03FAB59E31E4254E4C9,1764864157998005200,1764864159673915300,inactive
44,3EB0761E0D6968ACE8A3F6,1764864159676883200,1764864160649098700,inactive
45,3EB0D7689590C063FABD3C,1764864163299602500,1764864165144778800,inactive
45,3EB0FDC3FBFCFB2C4CA6A9,1764864165270485900,1764864167208925300,inactive
46,3EB0CD361C9331D87B24ED,1764864169763758300,1764864170799332000,inactive
46,3EB07605298E26C9CFDABE,1764864171011475400,1764864172750413400,inactive
47,3EB07B6364A0C0EFE4A648,1764864174949953000,1764864176360277600,inactive
47,3EB06025EECF3E6947B452,1764864176559536500,1764864177979987900,inactive
48,3EB0AF193429C5DD04FA05,1764864180651078700,1764864181649012100,inactive
48,3EB0A9CA51DEEEBE11031F,1764864181803567200,1764864182802449800,inactive
49,3EB002D29B9698887B6667,1764864185483194300,1764864186499193600,inactive
49,3EB0B29CEEE2CBA1A60EBB,1764864186674545900,1764864187760404100,inactive
50,3EB02DEA7D70B08F9A39FF,1764864190441530800,1764864191486070200,inactive
50,3EB02BBECA9F6E3801ED8A,1764864191814039700,1764864193024683400,inactive
51,3EB0931D236FC72E8C9134,1764864195714867900,1764864196827529300,inactive
51,3EB0E0B16E9FAB9C1FFD46,1764864197103394700,1764864198026541700,inactive
52,3EB057DA5D5431C53F90E8,1764864200724669400,1764864202369367300,inactive
52,3EB081B9BD093F6E46CC52,1764864202310136300,1764864203768586200,inactive
53,3EB03045B010C4C7024C9E,1764864206100688400,1764864207325823100,inactive
53,3EB0DAC3BBEAD3ECAAC451,1764864207509788900,1764864208546558700,inactive
54,3EB000C698ECA1A6200369,1764864211236098400,1764864213141369000,inactive
54,3EB0197E750F1EE0C433BC,1764864213379627700,1764864214317531300,inactive
55,3EB027F642B2C6525CE456,1764864217013773500,1764864218061931100,inactive
55,3EB01AF042B3F1F2BD2C60,1764864218274351000,1764864219364309700,inactive
56,3EB01FFBEAD7DD51F0F1BF,1764864222051229000,1764864223073092600,inactive
56,3EB02CEFF356EE04FA05B6,1764864223243090400,1764864224421491800,inactive
1,3EB04631D3387D59F160D0,1764865165040245800,1764865166672032700,sender
1,3EB027953FB5C0166F2AA3,1764865166688899200,1764865168440712100,inactive
2,3EB019C1BE8C06C7E4FF5B,1764865168576472900,1764865171473578300,sender
2,3EB025C1D351641FCC08B3,1764865171663658000,1764865173947655700,inactive
3,3EB0CCCD12EAC1EE57A59D,1764865173773269200,1764865175821028500,sender
3,3EB0F1A369B3B061B3D0EE,1764865175868791400,1764865179139699000,sender
4,3EB0FA78EABFE6CD13C8D3,1764865178912073900,1764865181090900900,inactive
4,3EB0C58AB6280B09B7035A,1764865181137060600,1764865183728795800,sender
5,3EB0AB68D47E622A6D9740,1764865183631054000,1764865186060750800,inactive
5,3EB0BC935A4853BCA1CF6D,1764865186246909600,1764865189111090600,inactive
6,3EB07C53C20E9761438663,1764865188689193400,1764865190316099900,inactive
6,3EB0ED241E46811177059C,1764865190427670300,1764865192706156700,inactive
7,3EB051BE360BDDCBC96629,1764865192557320300,1764865195030167100,inactive
7,3EB0478E9084135ABB6B22,1764865195362903300,1764865197446243500,inactive
8,3EB0A91BE2094C44F8AB4C,1764865197633563900,1764865199916020900,inactive
8,3EB048ACB3835042F13BA4,1764865200109991000,1764865201790033600,inactive
9,3EB0C41BCDCEA396331104,1764865201759111700,1764865204531914100,inactive
9,3EB05C18C672710952B909,1764865205020890100,1764865206701690400,inactive
10,3EB09D6AF4D0346D5C8C24,1764865206649049000,1764865209967834500,inactive
10,3EB049A66C2CBB425ED0CA,1764865210008318700,1764865211940499000,inactive
11,3EB020CB25971D8F7C1FD6,1764865211831795200,1764865214020548100,inactive
11,3EB0A5D0E3E43C6263C015,1764865213887644100,1764865215548293200,inactive
12,3EB0E4D144236D24FE7A77,1764865215656515100,1764865218048713400,inactive
12,3EB0F5031A45BE30C98B93,1764865218227934500,1764865220800783400,inactive
13,3EB038EF929C232E25A6E9,1764865220865964200,1764865222675233000,inactive
13,3EB0AF02F8EC0E14F3D03C,1764865222804923300,1764865224382286700,inactive
14,3EB09156BDEA6A0B4087B1,1764865224309277700,1764865227235213400,inactive
14,3EB09D2B66B6777D4E92DC,1764865227411946100,1764865231073221300,inactive
15,3EB016733150AB30FE5B68,1764865230837410100,1764865233032540700,inactive
15,3EB009EB87093C7348BEA9,1764865233436173100,1764865235843331700,inactive
16,3EB03E352437B8A92EB589,1764865235801078300,1764865238371867300,inactive
16,3EB0381FEFCA73EEF8F35D,1764865238438819500,1764865240430748400,inactive
17,3EB0F22AF1ACCCCDDD3B89,1764865240362801500,1764865243302081400,inactive
17,3EB03B7D548AB117DF6A7B,1764865243365615900,1764865245064362100,inactive
18,3EB0E5DBDDA458DB25F49A,1764865244879770000,1764865247190189600,inactive
18,3EB080EE823DD5D7A9FDDC,1764865247281129500,1764865250224903700,inactive
19,3EB0BA4C1803C415BFAD7E,1764865250087106700,1764865252212850700,inactive
19,3EB05EC3DC23C807DCD7AC,1764865252225985900,1764865254842937500,inactive
20,3EB0D425FD1410E711C1FC,1764865254818363200,1764865257254737400,inactive
20,3EB0BA6F6CF8894D59409A,1764865257452732800,1764865259692433700,inactive
21,3EB06D9EE81B59E0435903,1764865259857372000,1764865262444343100,inactive
21,3EB043ABA0A433593CC8AA,1764865262569463500,1764865264539457100,inactive
22,3EB04C8BCEB6123B166639,1764865264523369100,1764865266527080400,inactive
22,3EB02C533E2BCA397DA9B8,1764865266654295100,1764865269337431600,inactive
23,3EB0AFB8E954CF35BA2068,1764865269265304700,1764865270793662700,inactive
23,3EB0E7681951F0F0CEDE33,1764865270963435600,1764865273581477500,inactive
24,3EB09653670DF651F592F9,1764865273326007900,1764865276116143800,inactive
24,3EB0DD42BC4CD4035FF937,1764865276080964700,1764865279311703200,inactive
25,3EB0306C0BDA5C9E24B11E,1764865279047212300,1764865281859445600,inactive
25,3EB0F27C2A74CFA989EABE,1764865282020206900,1764865284327066300,inactive
26,3EB07E48D77DAE37426C0C,1764865284152747500,1764865285996422100,inactive
26,3EB06FEAEA948F4B1E9094,1764865286039887200,1764865287860930600,inactive
27,3EB081C4F9752C2AFB1F00,1764865287844554900,1764865290302975100,inactive
27,3EB093544636F661A3DA8E,1764865290481509400,1764865292389684000,inactive
28,3EB0030B880F173DE1A753,1764865292447608500,1764865294399735100,inactive
28,3EB02209CBEBB878CC3CC0,1764865294372431800,1764865296233609500,inactive
29,3EB0CDCE9C4E83D00AB07E,1764865296161788900,1764865297781931000,inactive
29,3EB026A3CA286B0384710C,1764865298056906700,1764865299872399400,inactive
30,3EB04B2F825860FEEBD8A8,1764865299814541800,1764865302547850100,inactive
30,3EB036CF0DA0256ADC732D,1764865302857229400,1764865304340215700,inactive
31,3EB0D839CB8B4515DE6878,1764865304576985700,1764865306223606900,inactive
31,3EB0F96FEDB14031CDD9D7,1764865306428721200,1764865308006560200,inactive
32,3EB0209342FA7F2C29AEF8,1764865307891513300,1764865309338277800,inactive
32,3EB0D4DE9AFA410D3D2626,1764865309603889100,1764865311363448200,inactive
33,3EB0ADEC6E8715368E3969,1764865311064963000,1764865312822713300,inactive
33,3EB0E189FAD4BE31DD3F93,1764865313084155100,1764865314669693600,inactive
34,3EB0B0A46FE0BAC89B3CCD,1764865314506051500,1764865316330136200,inactive
34,3EB0B28F8B3E391E07ABD3,1764865316530252100,1764865318322110000,inactive
35,3EB07954068D5FF9D31A36,1764865318239909500,1764865319741454700,inactive
35,3EB048A0FB50493A692843,1764865320136857700,1764865322798673000,inactive
36,3EB09D412BE1EFB0199068,1764865322496194800,1764865325184218000,inactive
36,3EB02EB2B94328E5E1FA7E,1764865324642696600,1764865327028432800,inactive
37,3EB0BDCC527E2F59D33D16,1764865326880140300,1764865328619560300,inactive
37,3EB02AEDF8E8C0A69DF22E,1764865328784431300,1764865330288087600,inactive
38,3EB06E9B6247BBB357DEBD,1764865330160665300,1764865331760784700,inactive
38,3EB02B14D642DF72725A17,1764865331942807300,1764865334098898300,inactive
39,3EB01E5D5F561AE576897F,1764865334024724800,1764865335549175500,inactive
39,3EB09BAD02636203599B08,1764865335720848500,1764865337320198200,inactive
40,3EB035C3A6D98FE3341EDC,1764865337128077000,1764865339030483400,inactive
40,3EB05541CD13021B5388AB,1764865339120246300,1764865340600108000,inactive
41,3EB0A374705A92134E6DBE,1764865340626894100,1764865342210779600,inactive
41,3EB097BD42F30287E1D1CB,1764865342336527300,1764865344085147600,inactive
42,3EB0DCED1260681CCCE2B4,1764865344256346200,1764865345749213700,inactive
42,3EB0584CBB6BB238B2409A,1764865345990604200,1764865347873313500,inactive
43,3EB0C2C6F1C8C2A7D94056,1764865347828329600,1764865349274830100,inactive
43,3EB00B43A59EB33E86D905,1764865349569387500,1764865351225011600,inactive
44,3EB0CBB60359449800D2C4,1764865351171373100,1764865353264244800,inactive
44,3EB01164949E3E35E1CD41,1764865353538921900,1764865355173021100,inactive
45,3EB03162C18C8DA02E5CA8,1764865355033682000,1764865357090587600,inactive
45,3EB06F160219C07E3CE9AC,1764865356928257900,1764865359040350300,inactive
46,3EB0C8652B41635C8677E6,1764865358741438000,1764865360165372300,inactive
46,3EB032DEAF7B43343CE325,1764865360328750800,1764865361748452300,inactive
47,3EB004243B0AE01EE4EB64,1764865361748452300,1764865364224693400,inactive
47,3EB089285B5CD92D68AD50,1764865364285576900,1764865365725922400,inactive
48,3EB068CA5346130A6D4580,1764865365711889100,1764865367181082900,inactive
48,3EB02787EE264F0E0ECB44,1764865367323952700,1764865369114439800,inactive
49,3EB09A706D5E642498B4DA,1764865369068414200,1764865370700986200,inactive
49,3EB07CA5E4AF8F5E4AC5C1,1764865370905738300,1764865372406755300,inactive
50,3EB0A42D4280FAFB09316F,1764865372402254900,1764865374351436900,inactive
50,3EB08DCB26491B47FF167E,1764865374552519700,1764865376077234100,inactive
51,3EB05DC371D13200AFCD0E,1764865376005064000,1764865377426696500,inactive
51,3EB0609F3E926173E7EA34,1764865377733208600,1764865379881393400,inactive
52,3EB0A7717324D832F3E64E,1764865379544493600,1764865381098936600,inactive
52,3EB03813C24DF87474BBBC,1764865381263109000,1764865382983284400,inactive
53,3EB078FC2A27D033A03977,1764865382712083800,1764865384187275500,inactive
53,3EB04B94C966A6949B6EB6,1764865384373058600,1764865385919114500,inactive
54,3EB0E3DAF2A89EFB3FF2AB,1764865385898814900,1764865387338598800,inactive
54,3EB0B23B3560F158DEED88,1764865387522356400,1764865389326627700,inactive
55,3EB06FD26232CE5CB129ED,1764865389208650500,1764865390827185500,inactive
55,3EB00E677EA9DCC954FE16,1764865390952032100,1764865392499914000,inactive
56,3EB05E7EEB3F252EA0CD42,1764865392360061400,1764865394387702500,inactive
56,3EB03E5C1B190D50184D35,1764865394551307900,1764865396206708700,inactive
57,3EB07569E3F7F22B99A55A,1764865396090533500,1764865397696519600,inactive
57,3EB0191FA4FC0972F8D750,1764865397837691200,1764865399711745700,inactive
58,3EB03525EC8B8D4CD2EFE1,1764865399562824400,1764865401646346500,inactive
58,3EB0CC0FF897921DD91927,1764865401392341100,1764865403075996400,inactive
59,3EB002F5C5448E4DCA4B9B,1764865403067896400,1764865404921470600,inactive
59,3EB07842A8332A02C9E1D1,1764865404992154000,1764865406496201100,inactive
60,3EB05F0BA6E597F0B4C4DD,1764865406451421000,1764865408149524500,inactive
60,3EB0BB84DA7EBD5083E2F7,1764865408308722100,1764865409778705500,inactive
61,3EB07A50D3EB437405D321,1764865409727826100,1764865411406699700,inactive
61,3EB0391DD8139CD3F42CF6,1764865411559486700,1764865413131001800,inactive
62,3EB05BB92160B00F474C7D,1764865412944482900,1764865414698277000,inactive
62,3EB0F722835C8AAC90A6B2,1764865414847492400,1764865416276610600,inactive
63,3EB01C91A04D8A2A7341DE,1764865416262713200,1764865417824951300,inactive
63,3EB092C1899551B3DFA7BF,1764865418018187700,1764865419758304700,inactive
64,3EB08AAA164388B2DE39A8,1764865419768177600,1764865422075738300,inactive
64,3EB08E618A0B8B70E3553B,1764865422085596000,1764865423501689700,inactive
65,3EB03F8CB46BE80293B377,1764865423499145400,1764865425282552400,inactive
65,3EB0FB7D243D73B26D2E8D,1764865425439388000,1764865427023264300,inactive
66,3EB07DF1B6E8272AE72651,1764865426964640800,1764865428800751200,inactive
66,3EB0D777B1B3CF1883B179,1764865428704541700,1764865430722882200,inactive
67,3EB0F3837636D089888666,1764865430575035300,1764865432660191000,inactive
67,3EB02D0342CF040745B97E,1764865432641566800,1764865435284504800,inactive
68,3EB00F9C91AA04D386A96D,1764865435119289300,1764865437132367400,inactive
68,3EB0130A254BBF4E955023,1764865437097123900,1764865438758923700,inactive
69,3EB0B62B65B59F01A8F094,1764865438561313300,1764865440660858100,inactive
69,3EB0168EDD162CB845C54B,1764865440577338900,1764865442863537300,inactive
70,3EB009BD3438FE4F4EA4AB,1764865442071784000,1764865444806198700,inactive
70,3EB03161CEC122465A1A8B,1764865444671148200,1764865446457462200,inactive
71,3EB06545BF24D215BC13AD,1764865446158245300,1764865447737764500,inactive
71,3EB01D104D0CB101C6DE3E,1764865447857116600,1764865449777969900,inactive
72,3EB08EB0F15AFDB5EC655A,1764865449641234100,1764865451595139800,inactive
72,3EB04626BFC412982A3C7C,1764865451657818000,1764865453430449500,inactive
73,3EB0CDE3FA32ECAB830BD2,1764865453373832900,1764865455312350000,inactive
73,3EB0BF38E3C73429606073,1764865455388054500,1764865456859389100,inactive
74,3EB0233BABF598760AE141,1764865456859389100,1764865458510741100,inactive
74,3EB07B2BA4B51661E7D8CA,1764865458482403500,1764865460410307100,inactive
75,3EB09DFB5CD450FDBC03D0,1764865460444123000,1764865462387246800,inactive
75,3EB0BB7E1AA6A4C7353547,1764865462364020100,1764865464171961200,inactive
76,3EB040B07ABC16D47C0CF7,1764865464346844600,1764865466907116100,inactive
76,3EB05A9F7E0BD1B80E6F7B,1764865466827872000,1764865468538758400,inactive
77,3EB0C03343E94716A1B8EA,1764865468315237300,1764865469869051400,inactive
77,3EB0D1879D2FBA7291671C,1764865469939232500,1764865471825653000,inactive
78,3EB07908DD6FD5F793EBCC,1764865471823042900,1764865473599176800,inactive
78,3EB0E435458A3CF9D4CD96,1764865473660270700,1764865475841053900,inactive
79,3EB0BA618EFFA737A21B11,1764865475775605700,1764865477750100200,inactive
79,3EB09F0D45032A42777338,1764865477592682200,1764865479124519500,inactive
80,3EB040585BFE5252B77873,1764865479048973500,1764865480909069500,inactive
80,3EB0F4FB37FCEC272568FC,1764865481022097200,1764865482567455900,inactive
81,3EB050788974BB1BC4E644,1764865482502735000,1764865484476945500,inactive
81,3EB0A6A4816003ED781E8E,1764865484152333900,1764865486531573400,inactive
82,3EB0F3270F7EB254C7C48B,1764865486713208300,1764865488381652200,inactive
82,3EB098637C309FCE80FCD4,1764865488353450400,1764865490633552300,inactive
83,3EB0D09EB86A36DD64E6F9,1764865490554441100,1764865491987249600,inactive
83,3EB043384B4874E92AEE56,1764865492178161900,1764865494018837800,inactive
84,3EB0F8AA5B1422DE9D0BDA,1764865493879276300,1764865495415022000,inactive
84,3EB0F0F8B252C009E258FE,1764865495607184500,1764865497437282800,inactive
85,3EB03DDC03FA2FB89830CE,1764865497411583200,1764865498997146000,inactive
85,3EB0F6986199F594556970,1764865499048513300,1764865501496056100,inactive
86,3EB0C6F573703259730747,1764865501198139700,1764865503031035300,inactive
86,3EB0522FFE8B5F12F9E434,1764865502971915900,1764865504863185400,sender
87,3EB00F65108A6868CBA470,1764865504573560900,1764865506934895600,inactive
87,3EB0EE9D0F9AED517FDA87,1764865506992905600,1764865509138968500,inactive
88,3EB01A491D2E478E4B801D,1764865508839613300,1764865510396968400,inactive
88,3EB005462EF27AC708585C,1764865510594910500,1764865512792768900,inactive
89,3EB0DCE5D386FCE612C4F5,1764865512718628800,1764865514234589700,inactive
89,3EB055060B88BBF6D7B4DF,1764865514359138200,1764865515858696800,inactive
90,3EB0FAC96C26FF705C4A93,1764865515802641500,1764865517357926900,inactive
90,3EB0CE1CCA169B4E053B4E,1764865517530842400,1764865519707479100,inactive
91,3EB03C9C36B602C7DD339F,1764865519655389000,1764865521337810600,inactive
91,3EB0ABD1BA715CE8D7168E,1764865521398552400,1764865523269068000,inactive
92,3EB043F3F42DA2E4037221,1764865523202861900,1764865524921236000,inactive
92,3EB073983D3EBD940EB7EA,1764865525098595300,1764865526717026800,inactive
93,3EB0E0487558FBBB795F94,1764865526700843700,1764865528768587800,inactive
93,3EB0E806C1365A2490A4AF,1764865528907685200,1764865530828003400,sender
94,3EB0B0950A72E20B6895E1,1764865530463855500,1764865532480094300,inactive
94,3EB0C6CA46C75A639A38C4,1764865532399263200,1764865534202778100,inactive
95,3EB09C323DC7CB5C5D6AC7,1764865534163113600,1764865535927731500,inactive
95,3EB0F31E33C0A965576A62,1764865536088624300,1764865538257959200,inactive
96,3EB0F5DEE40A0CAF3612FE,1764865538103836200,1764865540014073800,inactive
96,3EB00AEF9FA793FC02C4AD,1764865540042912700,1764865541821072600,inactive
97,3EB0BD787A1B138F2727D6,1764865541664813800,1764865543505560500,inactive
97,3EB09474F01C8470B8BF05,1764865543639505600,1764865546218042300,inactive
98,3EB05D48B20BF274A5E955,1764865546130875400,1764865548154646100,inactive
98,3EB0F80B4804238FB79384,1764865548357934300,1764865549954952100,inactive
99,3EB00B564CA4B096A6E1D7,1764865549813021900,1764865551682902800,inactive
99,3EB08479925F6D68C27CC3,1764865551505608600,1764865554080104400,inactive
100,3EB0669250895B7EB01FDB,1764865553535957200,1764865555264358200,inactive
100,3EB09475BCDCC1B40D916A,1764865555310234800,1764865557122779000,inactive
101,3EB0C0C60D07B96DF09752,1764865556815596900,1764865558712411500,inactive
101,3EB05D92BD8E03DFBAD975,1764865558764496700,1764865560662845400,inactive
102,3EB0CDCEE650B51A2DE4EB,1764865560239156200,1764865562232641600,inactive
102,3EB065D0967947FD0A9552,1764865562000342800,1764865563921843000,inactive
103,3EB01A93D0B5F6C8767575,1764865563772433100,1764865565363393900,inactive
103,3EB0A8FDB372AFAF90FFC2,1764865565570212300,1764865567644474900,inactive
104,3EB0BB85BA900BD2FA518D,1764865567522805200,1764865570285124000,inactive
104,3EB01BCC04FE5331DA153B,1764865569999178300,1764865572161634300,inactive
105,3EB0A6AE0C10B87B69BA10,1764865571789885000,1764865573435166400,inactive
105,3EB0ACF3CC2C0E89B0A8EC,1764865573547151100,1764865575483302000,inactive
106,3EB0E9C25C1E51CD58206E,1764865575462153000,1764865577184559900,inactive
106,3EB06036D02B201F20568A,1764865577253318400,1764865579156837800,inactive
107,3EB017FB7EE8C363D862DE,1764865579087787900,1764865580958616300,inactive
107,3EB0A5327D7F8152FB46D0,1764865581098259700,1764865584068199500,inactive
108,3EB059C7D7FFDC31CC0420,1764865584003638400,1764865585628143500,inactive
108,3EB0C19AD732F29EBCE008,1764865585780801100,1764865587543582400,inactive
109,3EB0E475ABCD3246F05222,1764865587412244100,1764865589236055700,inactive
109,3EB0A87B04AF9E0D23E2BA,1764865589360307400,1764865591338943900,inactive
110,3EB09F7D3C60FAF268DBDA,1764865591269914200,1764865593077610800,inactive
110,3EB09D8C7CB145BE88A145,1764865593002462200,1764865595362838600,inactive
111,3EB0B3FDAA9787E68F7096,1764865595327015600,1764865597103969900,inactive
111,3EB02EFF5B0BF6962CE9D2,1764865597250997800,1764865599283979500,inactive
112,3EB0A54CEA3F999A7C3C9F,1764865599222947700,1764865601734012700,inactive
112,3EB012FA281D40D8E00DD1,1764865601866899100,1764865603469883100,inactive
113,3EB04405B1A2F58259F525,1764865603467575600,1764865605433989300,inactive
113,3EB03FCCED0EECE3B136EB,1764865605504758600,1764865607064672000,inactive
114,3EB0351D3F2D0F201BCCA6,1764865606968576400,1764865609227900800,inactive
114,3EB0256E255CEC4C19047D,1764865609130061000,1764865611229535000,inactive
115,3EB0F843DB0230903C49FE,1764865610950325600,1764865612833372700,inactive
115,3EB0263F6A3A4F4721CF76,1764865612998348700,1764865615073621800,inactive
116,3EB0CF26AE89CD27297969,1764865614611575800,1764865616679182700,inactive
116,3EB0F99AE0C98E952DF1E6,1764865616603674800,1764865618362009900,inactive
117,3EB0E9F4F953E67B0C1520,1764865618286637300,1764865619915608200,inactive
117,3EB0079F9283145AB534B5,1764865620047245800,1764865622161338100,inactive
118,3EB022B64FC43304BAADA2,1764865622146894400,1764865623625465700,inactive
118,3EB0B0DB672646F3518DA2,1764865623771816100,1764865625951696800,inactive
119,3EB0D6D241379D1E0A83CC,1764865625726598200,1764865627310117400,inactive
119,3EB03D749C47D09547FA2C,1764865627493002000,1764865629113911500,inactive
120,3EB06D78D8EAABFB9F52B0,1764865629082598100,1764865631358622600,inactive
120,3EB0326FF99E6005A31428,1764865631334984300,1764865633130418800,inactive
121,3EB05963B4006FD8D3B9AA,1764865633079998300,1764865634686003200,inactive
121,3EB07EC73326E21F44598D,1764865634844099500,1764865637161647200,inactive
122,3EB0BA6DC953C627755CEC,1764865636923994600,1764865638379920100,inactive
122,3EB06AFA665642B594D753,1764865638548213800,1764865640114718000,inactive
123,3EB0967F9966271070BA12,1764865639999193100,1764865642178775000,inactive
123,3EB047ACEE7D92513DAC23,1764865642252948600,1764865644122848000,inactive
124,3EB0BB54BDD093FD30DC96,1764865644050185300,1764865646148448000,inactive
124,3EB012E7624BFAC18DD648,1764865646203278400,1764865647801708500,inactive
125,3EB0A7AE02772D279A9199,1764865647768871400,1764865649355494300,inactive
125,3EB0AF622ABC18D89981C2,1764865649538164900,1764865651392392100,inactive
126,3EB05DE7EA4244EDE5F836,1764865651398406700,1764865653206262000,inactive
126,3EB0499BECA52604DA7D4A,1764865653397067100,1764865654982401500,inactive
127,3EB0DFD94178554DF56A09,1764865654918394700,1764865656857675100,inactive
127,3EB0C2500E5D7998C18E42,1764865656984703500,1764865658782349300,inactive
128,3EB05EF86BC70717C472D4,1764865658563823900,1764865660062717500,inactive
128,3EB0CC7CE02C04A0FD3698,1764865660243476400,1764865661921057300,inactive
129,3EB0A4DAC9CCD0B5CDD040,1764865661845751000,1764865663377988000,inactive
129,3EB061F90EE0B90B8212FE,1764865663545026300,1764865665367350700,inactive
130,3EB024C79CD3498224DCE1,1764865665293152100,1764865667257445800,inactive
130,3EB0DB081D19394375535F,1764865667444613000,1764865669042499700,inactive
131,3EB09221A79F79CC164869,1764865668998936200,1764865670914692300,inactive
131,3EB00817B9EDDDFC32D1C5,1764865671001360500,1764865672588728100,inactive
132,3EB014B4FCAB4FBDCEB8DA,1764865672527650200,1764865674340505700,inactive
132,3EB090B88E0FC65CFBF7F0,1764865674507044500,1764865676515290100,inactive
133,3EB031525E01CFBFAF784E,1764865676312563200,1764865678069878700,inactive
133,3EB034257B71EA7EDC51B5,1764865678219351200,1764865682238625000,inactive
134,3EB08515869187F097EA26,1764865681934520500,1764865684910814000,inactive
134,3EB0C3A975B428BFAFE6BD,1764865685031657600,1764865686949258500,inactive
135,3EB0D50813ECCCAD61ECBE,1764865686918986000,1764865688441377000,inactive
135,3EB064B4B93069878C8C1E,1764865688622250500,1764865690087821100,inactive
136,3EB0272F17BF87704BEEEA,1764865690067297100,1764865691878053300,inactive
136,3EB02D9D9CBA245068CB0B,1764865692049261600,1764865693627088500,inactive
137,3EB0150DE4B7A28270671E,1764865693911185000,1764865695514869200,inactive
137,3EB0FF4D1EF7951E643BD2,1764865695687848200,1764865697865148700,inactive
138,3EB0634C53B95AC0752840,1764865697798920300,1764865700621677100,inactive
138,3EB0190B6DC028AA7E1590,1764865700762802300,1764865703130155700,inactive
139,3EB03727B8A957A64AF708,1764865702701156700,1764865704788948500,inactive
139,3EB061E6987757C3065CAA,1764865704982156600,1764865706832813700,inactive
140,3EB03AD53925BCF7435FF4,1764865706806304600,1764865708660790500,inactive
140,3EB0712235D5688CA2C9F2,1764865708806083700,1764865712666897200,inactive
141,3EB0BA8FDED6CBD73105B3,1764865712616821800,1764865714508040300,inactive
141,3EB0BE050455EA9E169448,1764865714667716000,1764865717254752600,inactive
142,3EB0880B1D6125080DE596,1764865717187638300,1764865718800133100,inactive
142,3EB085383C18643EB159BB,1764865718961156800,1764865720562953000,inactive
143,3EB01FBB3F1D426AA7F38C,1764865720529353100,1764865722357176400,inactive
143,3EB05568741B087537E8D4,1764865722522247300,1764865724177187700,inactive
144,3EB03FD812EA0C5B002680,1764865724025965000,1764865725594575400,inactive
144,3EB02EE0A9B65405466D8C,1764865725707836700,1764865727736067400,inactive
145,3EB0CC56A6BC5E8EA22009,1764865727682602000,1764865729244713500,inactive
145,3EB00BFAC8C69C9F1FB418,1764865729441268500,1764865731372314100,inactive
146,3EB063E532E5EB6FC7EF87,1764865731308274700,1764865733097042200,inactive
146,3EB09307A02A637AAFB645,1764865733275854700,1764865734977592600,inactive
147,3EB07FC07BED2C3569A0D9,1764865734865708100,1764865736487309200,inactive
147,3EB09934C30E7FF991BA2D,1764865736627230200,1764865738586683600,inactive
148,3EB046120EC3A84FF940FD,1764865738459887300,1764865740178823100,inactive
148,3EB0D8D0CC1A0EEBC27BBD,1764865740344807000,1764865741939944900,inactive
149,3EB0299F203BB28A45DCA9,1764865741897957100,1764865743777655000,inactive
149,3EB0C6C85CF488AE59D7C9,1764865743921478500,1764865745616250200,inactive
150,3EB0D5842D3AB4CF0F282B,1764865745350601800,1764865747110380500,inactive
150,3EB0BA2E0EB6518323D66A,1764865747097411000,1764865748985064900,inactive
151,3EB0C1E1BCF1145443B58E,1764865748835028500,1764865750844850300,inactive
151,3EB013BB041264BA176715,1764865751040999700,1764865752845399800,inactive
152,3EB088919685BB04B9C75B,1764865752821343300,1764865754407237500,inactive
152,3EB0ABA72D5D86659DD601,1764865754611738700,1764865756806942500,inactive
153,3EB09A5C709FCDB01A1CEE,1764865756508515900,1764865758560479900,inactive
153,3EB03345FC601067B7342D,1764865758507898200,1764865760332220200,inactive
154,3EB033053EBE8CC79EFA47,1764865760137763600,1764865761787981000,inactive
154,3EB003CB59EEE23A8F7977,1764865761826749500,1764865763686901100,inactive
155,3EB000C717A763DE6C52F5,1764865763614399400,1764865765577647000,inactive
155,3EB0B9074EA631A2FEFA14,1764865765613971800,1764865767407127500,inactive
156,3EB0D134743089920DDFEC,1764865767186783100,1764865769263016700,inactive
156,3EB08AF31FB698027FA488,1764865769168766900,1764865770667862200,inactive
157,3EB01428B7D885D3D994BC,1764865770608674100,1764865772187968500,inactive
157,3EB06C84E989FFEDC82441,1764865772362605300,1764865774452519600,inactive
